{"cameraMode":{"drawMode":0,"name":"Shaded","section":"Shading Mode"},"sceneLighting":true,"audioPlay":false,"sceneViewState":{"m_AlwaysRefresh":false,"showFog":true,"showSkybox":true,"showFlares":true,"showImageEffects":true,"showParticleSystems":true,"showVisualEffectGraphs":true,"m_FxEnabled":true},"in2DMode":false,"pivot":{"x":-1.826340913772583,"y":1.6528849601745606,"z":0.026728153228759767},"rotation":{"x":0.3069482445716858,"y":0.010277634486556054,"z":-0.0033040542621165516,"w":0.9516773223876953},"size":1.5269315242767335,"orthographic":false}