{"cameraMode":{"drawMode":0,"name":"Shaded","section":"Shading Mode"},"sceneLighting":false,"audioPlay":false,"sceneViewState":{"m_AlwaysRefresh":false,"showFog":true,"showSkybox":false,"showFlares":true,"showImageEffects":true,"showParticleSystems":true,"showVisualEffectGraphs":true,"m_FxEnabled":true},"in2DMode":false,"pivot":{"x":10.579999923706055,"y":9.482400894165039,"z":9.220000267028809},"rotation":{"x":0.22580480575561524,"y":-0.043532878160476688,"z":0.01010157447308302,"w":0.9731528162956238},"size":3.581148624420166,"orthographic":false}